cik,name,calendar_type,declared_year_end,year_end_month,year_end_day,year_end_weekday,year_end_changed,changed_at,earlier_calendar_type,annual_anchors,fiscal_years,suspect_anchors,missing_fiscal_years
104169,Walmart Inc.,fixed_date,0131,1,31,,,,,13,2012-2024,,
1018724,AMAZON COM INC,fixed_date,1231,12,31,,,,,13,2012-2024,,
320193,Apple Inc.,week_52_53,0926,9,,Sat,,,,13,2012-2024,,
731766,UNITEDHEALTH GROUP INC,fixed_date,1231,12,31,,,,,13,2012-2024,,
1067983,BERKSHIRE HATHAWAY INC,fixed_date,1231,12,31,,,,,13,2012-2024,,
64803,CVS HEALTH Corp,fixed_date,1231,12,31,,,,,13,2012-2024,,
34088,EXXON MOBIL CORP,fixed_date,1231,12,31,,,,,13,2012-2024,,
927653,MCKESSON CORP,fixed_date,0331,3,31,,,,,13,2012-2024,,
1652044,Alphabet Inc.,fixed_date,1231,12,31,,,,,10,2015-2024,,
1140859,"Cencora, Inc.",fixed_date,0930,9,30,,,,,13,2012-2024,,
909832,COSTCO WHOLESALE CORP /NEW,week_52_53,0830,9,,Sun,,,,13,2012-2024,,
789019,MICROSOFT CORP,fixed_date,0630,6,30,,,,,13,2012-2024,,
721371,CARDINAL HEALTH INC,fixed_date,0630,6,30,,,,,13,2012-2024,,
93410,CHEVRON CORP,fixed_date,1231,12,31,,,,,13,2012-2024,,
1739940,Cigna Group,fixed_date,1231,12,31,,,,,7,2018-2024,,
37996,FORD MOTOR CO,fixed_date,1231,12,31,,,,,13,2012-2024,,
1467858,General Motors Co,fixed_date,1231,12,31,,,,,13,2012-2024,,
1156039,"Elevance Health, Inc.",fixed_date,1231,12,31,,,,,13,2012-2024,,
19617,JPMORGAN CHASE & CO,fixed_date,1231,12,31,,,,,13,2012-2024,,
1071739,CENTENE CORP,fixed_date,1231,12,31,,,,,13,2012-2024,,
354950,"HOME DEPOT, INC.",week_52_53,0131,1,,Sun,,,,13,2012-2024,,
56873,KROGER CO,week_52_53,0130,1,,Sat,,,,13,2012-2024,,
1510295,Marathon Petroleum Corp,fixed_date,1231,12,31,,,,,13,2012-2024,,
1534701,Phillips 66,fixed_date,1231,12,31,,,,,13,2012-2024,,
1618921,"Walgreens Boots Alliance, Inc.",fixed_date,0831,8,31,,,,,10,2015-2024,,
1326801,"Meta Platforms, Inc.",fixed_date,1231,12,31,,,,,13,2012-2024,,
732712,VERIZON COMMUNICATIONS INC,fixed_date,1231,12,31,,,,,13,2012-2024,,
732717,AT&T INC.,fixed_date,1231,12,31,,,,,13,2012-2024,,
1166691,COMCAST CORP,fixed_date,1231,12,31,,,,,13,2012-2024,,
27419,TARGET CORP,week_52_53,0201,1,,Sat,,,,13,2012-2024,,
49071,HUMANA INC,fixed_date,1231,12,31,,,,,13,2012-2024,,
70858,BANK OF AMERICA CORP /DE/,fixed_date,1231,12,31,,,,,13,2012-2024,,
1318605,"Tesla, Inc.",fixed_date,1231,12,31,,,,,13,2012-2024,,
7084,Archer-Daniels-Midland Co,fixed_date,1231,12,31,,yes,2013-12-31,insufficient_data,13,2012-2024,,
77476,PEPSICO INC,week_52_53,1226,12,,Sat,,,,13,2012-2024,,
1090727,UNITED PARCEL SERVICE INC,fixed_date,1231,12,31,,,,,13,2012-2024,,
1744489,Walt Disney Co,week_52_53,1003,9,,Sat,,,,6,2019-2024,,
1571996,Dell Technologies Inc.,week_52_53,1231,2,,Fri,,,,8,2017-2024,,
1048911,FEDEX CORP,fixed_date,0531,5,31,,,,,13,2012-2024,,
60667,LOWES COMPANIES INC,week_52_53,0131,2,,Fri,,,,13,2012-2024,,
200406,JOHNSON & JOHNSON,week_52_53,0103,12,,Sun,,,,14,2012-2024,,
80424,PROCTER & GAMBLE Co,fixed_date,0630,6,30,,,,,13,2012-2024,,
1646972,"Albertsons Companies, Inc.",week_52_53,0227,2,,Sat,,,,7,2018-2024,,
1276187,Energy Transfer LP,fixed_date,1231,12,31,,,,,13,2012-2024,,
1283699,"T-Mobile US, Inc.",fixed_date,1231,12,31,,,,,13,2012-2024,,
831001,CITIGROUP INC,fixed_date,1231,12,31,,,,,13,2012-2024,,
12927,BOEING CO,fixed_date,1231,12,31,,,,,13,2012-2024,,
96021,SYSCO CORP,week_52_53,0627,6,,Sat,,,,13,2012-2024,,
101829,RTX Corp,fixed_date,1231,12,31,,,,,13,2012-2024,,
936468,LOCKHEED MARTIN CORP,fixed_date,1231,12,31,,,,,13,2012-2024,,
18230,CATERPILLAR INC,fixed_date,1231,12,31,,,,,13,2012-2024,,
1099219,METLIFE INC,fixed_date,1231,12,31,,,,,13,2012-2024,,
860730,"HCA Healthcare, Inc.",fixed_date,1231,12,31,,,,,13,2012-2024,,
80661,PROGRESSIVE CORP/OH/,fixed_date,1231,12,31,,,,,13,2012-2024,,
51143,INTERNATIONAL BUSINESS MACHINES CORP,fixed_date,1231,12,31,,,,,13,2012-2024,,
315189,DEERE & CO,week_52_53,1101,10,,Sun,yes,2017-10-29,fixed_date,13,2012-2024,,
1045810,NVIDIA CORP,week_52_53,0131,1,,Sun,,,,13,2012-2024,,
913760,StoneX Group Inc.,fixed_date,0930,9,30,,,,,13,2012-2024,,
310158,"Merck & Co., Inc.",fixed_date,1231,12,31,,,,,13,2012-2024,,
78003,PFIZER INC,fixed_date,1231,12,31,,,,,13,2012-2024,,
27904,"DELTA AIR LINES, INC.",fixed_date,1231,12,31,,,,,13,2012-2024,,
1177394,TD SYNNEX CORP,fixed_date,1130,11,30,,,,,13,2012-2024,,
81061,PUBLIX SUPER MARKETS INC,week_52_53,1226,12,,Sat,,,,13,2012-2024,2013-12-31,
899051,ALLSTATE CORP,fixed_date,1231,12,31,,,,,13,2012-2024,,
858877,"CISCO SYSTEMS, INC.",week_52_53,0725,7,,Sat,,,,13,2012-2024,,
1163165,CONOCOPHILLIPS,fixed_date,1231,12,31,,,,,13,2012-2024,,
1091667,"CHARTER COMMUNICATIONS, INC. /MO/",fixed_date,1231,12,31,,,,,13,2012-2024,,
1271833,CCO HOLDINGS LLC,fixed_date,1231,12,31,,,,,9,2016-2024,,
1551152,AbbVie Inc.,fixed_date,1231,12,31,,,,,13,2012-2024,,
50863,INTEL CORP,week_52_53,1227,12,,Sat,,,,13,2012-2024,,
1137774,PRUDENTIAL FINANCIAL INC,fixed_date,1231,12,31,,,,,13,2012-2024,,
47217,HP INC,fixed_date,1031,10,31,,,,,13,2012-2024,,
100517,"United Airlines Holdings, Inc.",fixed_date,1231,12,31,,,,,13,2012-2024,,
1341439,ORACLE CORP,fixed_date,0531,5,31,,,,,13,2012-2024,,
100493,"TYSON FOODS, INC.",week_52_53,1003,9,,Sat,,,,13,2012-2024,,
6201,American Airlines Group Inc.,fixed_date,1231,12,31,,,,,13,2012-2024,,
1859392,Galaxy Digital Inc.,insufficient_data,1231,,,,,,,0,,,
320187,"NIKE, Inc.",fixed_date,0531,5,31,,,,,13,2012-2024,,
1061219,ENTERPRISE PRODUCTS PARTNERS L.P.,fixed_date,1231,12,31,,,,,13,2012-2024,,
1897762,Ingram Micro Holding Corp,insufficient_data,1228,,,,,,,1,2024-2024,,
789460,WORLD KINECT CORP,fixed_date,1231,12,31,,,,,13,2012-2024,,
1070423,PLAINS ALL AMERICAN PIPELINE LP,fixed_date,1231,12,31,,,,,13,2012-2024,,
1581990,PLAINS GP HOLDINGS LP,fixed_date,1231,12,31,,,,,12,2013-2024,,
21344,COCA COLA CO,fixed_date,1231,12,31,,,,,13,2012-2024,,
823277,CHS INC,fixed_date,0831,8,31,,,,,13,2012-2024,,
14272,BRISTOL MYERS SQUIBB CO,fixed_date,1231,12,31,,,,,13,2012-2024,,
1751788,DOW INC.,fixed_date,1231,12,31,,,,,6,2019-2024,,
764478,BEST BUY CO INC,week_52_53,0130,1,,Sat,yes,2014-02-01,insufficient_data,12,2012-2024,,2013
97745,THERMO FISHER SCIENTIFIC INC.,fixed_date,1231,12,31,,,,,13,2012-2024,,
40533,GENERAL DYNAMICS CORP,fixed_date,1231,12,31,,,,,13,2012-2024,,
86312,"TRAVELERS COMPANIES, INC.",fixed_date,1231,12,31,,,,,13,2012-2024,,
1437107,"Warner Bros. Discovery, Inc.",fixed_date,1231,12,31,,,,,13,2012-2024,,
1800,ABBOTT LABORATORIES,fixed_date,1231,12,31,,,,,13,2012-2024,,
1133421,NORTHROP GRUMMAN CORP /DE/,fixed_date,1231,12,31,,,,,13,2012-2024,,
29534,DOLLAR GENERAL CORP,week_52_53,0129,2,,Fri,,,,13,2012-2024,,
1534504,PBF Energy Inc.,fixed_date,1231,12,31,,,,,13,2012-2024,,
1566011,PBF Holding Co LLC,fixed_date,,12,31,,,,,13,2012-2024,,
1543151,"Uber Technologies, Inc",fixed_date,1231,12,31,,,,,6,2019-2024,,
4962,AMERICAN EXPRESS CO,fixed_date,1231,12,31,,,,,13,2012-2024,,
927628,CAPITAL ONE FINANCIAL CORP,fixed_date,1231,12,31,,,,,13,2012-2024,,
937834,METROPOLITAN LIFE INSURANCE CO,fixed_date,1231,12,31,,,,,12,2013-2024,,
1103982,"Mondelez International, Inc.",fixed_date,1231,12,31,,,,,13,2012-2024,,
829224,STARBUCKS CORP,week_52_53,0928,9,,Sun,,,,13,2012-2024,,
804328,QUALCOMM INC/DE,week_52_53,0927,9,,Sun,,,,13,2012-2024,,
1730168,Broadcom Inc.,week_52_53,1101,11,,Sun,,,,7,2018-2024,,
1665918,US Foods Holding Corp.,week_52_53,0102,12,,Sat,,,,9,2016-2024,,
882184,HORTON D R INC /DE/,fixed_date,0930,9,30,,,,,13,2012-2024,,
40545,GENERAL ELECTRIC CO,fixed_date,1231,12,31,,,,,12,2012-2024,,2014
1413329,Philip Morris International Inc.,fixed_date,1231,12,31,,,,,13,2012-2024,,
75362,PACCAR INC,fixed_date,1231,12,31,,,,,13,2012-2024,,
1108524,"Salesforce, Inc.",fixed_date,0131,1,31,,,,,13,2012-2024,,
73309,NUCOR CORP,fixed_date,1231,12,31,,,,,13,2012-2024,,
898293,JABIL INC,fixed_date,0831,8,31,,,,,13,2012-2024,,
920760,LENNAR CORP /NEW/,fixed_date,1130,11,30,,,,,13,2012-2024,,
59478,ELI LILLY & Co,fixed_date,1231,12,31,,,,,13,2012-2024,,
1179929,"MOLINA HEALTHCARE, INC.",fixed_date,1231,12,31,,,,,13,2012-2024,,
26172,CUMMINS INC,fixed_date,1231,12,31,,,,,13,2012-2024,,
1065280,NETFLIX INC,fixed_date,1231,12,31,,,,,13,2012-2024,,
1489393,LyondellBasell Industries N.V.,fixed_date,1231,12,31,,,,,13,2012-2024,,
1996810,GE Vernova Inc.,insufficient_data,1231,,,,,,,1,2024-2024,,
87347,SLB LIMITED/NV,fixed_date,1231,12,31,,,,,13,2012-2024,,
7536,"ARROW ELECTRONICS, INC.",fixed_date,1231,12,31,,,,,13,2012-2024,,
773840,HONEYWELL INTERNATIONAL INC,fixed_date,1231,12,31,,,,,13,2012-2024,,
1707925,LINDE PLC,fixed_date,1231,12,31,,,,,8,2017-2024,,
1403161,VISA INC.,fixed_date,0930,9,30,,,,,13,2012-2024,,
1858681,"Apollo Global Management, Inc.",fixed_date,1231,12,31,,,,,3,2022-2024,,
1915657,HF Sinclair Corp,fixed_date,1231,12,31,,,,,3,2022-2024,,
1138118,"CBRE GROUP, INC.",fixed_date,1231,12,31,,,,,13,2012-2024,,
1023128,LITHIA MOTORS INC,fixed_date,1231,12,31,,,,,13,2012-2024,,
1019849,"PENSKE AUTOMOTIVE GROUP, INC.",fixed_date,1231,12,31,,,,,13,2012-2024,,
1020859,UNITED NATURAL FOODS INC,week_52_53,0731,7,,Sat,,,,13,2012-2024,,
1633917,"PayPal Holdings, Inc.",fixed_date,1231,12,31,,,,,10,2015-2024,,
2011641,Ferguson Enterprises Inc. /DE/,insufficient_data,1231,,,,,,,1,2024-2024,,
813828,Paramount Global,fixed_date,1231,12,31,,,,,13,2012-2024,2012-12-21,
2041610,Paramount Skydance Corp,insufficient_data,1231,,,,,,,0,,,
1645590,Hewlett Packard Enterprise Co,fixed_date,1031,10,31,,,,,10,2015-2024,,
1013871,"NRG ENERGY, INC.",fixed_date,1231,12,31,,,,,13,2012-2024,,
1527469,Athene Holding Ltd.,fixed_date,1231,12,31,,,,,9,2016-2024,,
318154,AMGEN INC,fixed_date,1231,12,31,,,,,13,2012-2024,,
36104,US BANCORP \DE\,fixed_date,1231,12,31,,,,,13,2012-2024,,
5272,"AMERICAN INTERNATIONAL GROUP, INC.",fixed_date,1231,12,31,,,,,13,2012-2024,,
882095,"GILEAD SCIENCES, INC.",fixed_date,1231,12,31,,,,,13,2012-2024,,
350698,"AUTONATION, INC.",fixed_date,1231,12,31,,,,,13,2012-2024,,
8858,AVNET INC,week_52_53,0703,6,,Sat,,,,13,2012-2024,,
1170010,CARMAX INC,fixed_date,0228,2,28,,,,,13,2012-2024,,
6951,APPLIED MATERIALS INC /DE,week_52_53,1026,10,,Sun,,,,13,2012-2024,,
866374,FLEX LTD.,fixed_date,0331,3,31,,,,,13,2012-2024,,
92380,SOUTHWEST AIRLINES CO,fixed_date,1231,12,31,,,,,13,2012-2024,,
1081316,BERKSHIRE HATHAWAY ENERGY CO,fixed_date,1231,12,31,,,,,13,2012-2024,,
1701605,Baker Hughes Co,fixed_date,1231,12,31,,,,,8,2017-2024,,
